创作者ID,创作者名称,是否官方,0
5e900e47b52fab25b7214433,减脂塑形中的Keep君,"[false,true]",3
5f0fc67f650b9c74c0c09e9d,帕梅拉_PamelaReif,[false],3
5588c6cbb7d3f7ee66a50bb0,Keep_课程,"[true,false]",3
57bae2760a64ee6335f9a80e,爱跑步的Keep君,[true],3
5f046d6ad523e91a22fb9c58,韩小四AprilHan,[false],3
55e25ecd46fcd1542d79335f,孵小蛋Sophia,[false],5
5e900ef2b52fab25b7219384,增肌中的Keep君,[true],5
56cfe665af1acaf20330c4f7,语姐姐,"[false,true]",5
57a31cbf0d67f923059a5a83,周六野Zoey,[false],5
6051ae7da78eee41a7fd5de6,挺住别胖啊,[false],5
5abcb4ebe666864ca1d33e40,im斯文姐,[false],5
623a9d97eaf6fb00010ecb21,慷慨的觅眸,[false],5
5701fc7bbdd5b65b71140b7c,Koach-Punk,[false],5
57d12cc931f11615833b6e47,全家桶你造嘛,[false],5
557cdbcabf13604068ae6a76,安安小雨_,"[false,true]",5
5f113f85650b9c74c032a67b,欧阳春晓Aurora,[false],5
57c3c043493303162d569d8c,Jessie六六要自律,[false],5
5cc9bcd6d20f9c47d9f6cdc8,猫叔慢跑,"[false,true]",5
623a9da884307c0001bf2489,气质超好的大方的素颜,[false],5
5638c42178f2402305feee70,男人要活出你的霸气,[false],5
57209de54714702202cd6705,Koach团子,[false],2
5783b1828ea21744059ecc96,点滴斯诺,[false],0
5e9001a8d20f9c0d2ab7bcdc,练瑜伽的Keep君,[true],1
62207f878b21f80001b76321,伴你入睡的 Keep 君,[true],1
56fde40b5bc83f494b2d9733,向安茜,[false],4
56d16ad982ecf1ab7a9227fd,Ternura刘建,[false],1
5a39dd651cf3d1376437a27f,赵没力,"[false,true]",2
5690afe91c705473183af9d6,Jay潘潘,[false],4
5e9001e06fbc5661efd8e3ea,跳操跳舞的Keep君,"[false,true]",1
5e900f0c790b93014b25baf2,修炼体态的Keep君 ,[true],4
5a839775e66686127449fc21,古月子辰,[false],4
57028cca6cd4753005d9bfba,Derek大骏,[false],4
621c475c710fa300018b2b99,月球上的温柔少女心,[false],4
59ef0d871cf3d14e9edafe81,Koach-Jonathan乔纳森,"[true,false]",1
56492e6cec3142e6c7cbae03,魔力桃桃,[false],4
5cdad45fd20f9c3a8e4d4118,爱健身的较真万,[false],4
5808852d4933031fb0924942,miss朱zhu,[false],4
559d1eebac29b6b694a5e46f,楚仔Charlotte,[false],4
56aede59da2e4c2838799e7e,闫帅奇,[false],4
5a2e43c51cf3d162335f5fe5,周政廷,[false],1
5e4124ce6fbc567d16ffa527,八一师傅,[false],1
571da97a3a8fdb88019c021b,MissCC就是我鸭,[false],4
58880ea2387e283039554eb0,Nne-,[false],4
5e6a31dab52fab635d5d1cb4,芥末味小丸子,[false],4
5c00d94a1cf3d16cc070447b,EmiWong_王艾米,[false],4
623a9d3deaf6fb00010ec663,勤奋的不浪漫罪名,[false],0
5506c982d104a6c9311cd7a1,Koach大婷婷,[false],2
623a9dcdd611d60001c0f0b2,爱地球的坚强的该用户已成仙,[false],0
56c9a197d303c32105b46b9e,白鹳yoga,[false],4
5e900fcc6fbc5661efded8a9,Keep热汗瑜伽,"[true,false]",1
616693a9edd76c0291366003,嗨皮燃脂,[true],4
56eea9715a9ef22e05b551ce,Koach-Jojo,[false],2
623a9d6839df450001204df4,浪漫的梦想无需昭告天下。,[false],0
54bf30dd9eb5cd2c4c90be46,Keep,"[false,true]",1
5e74946f6fbc56402e7af737,ZumbaxKeep_官方合作,"[true,false]",1
61c18d1fa7f80e0001766dc4,美丽芭蕾 X Keep 官方合作,[false],1
621c475b39b2dd0001a10e47,空城仅有旧梦在,[false],4
5bf2cf41fe6e4348fb5265b3,黑妞福大玥,[false],4
5dc28fc2b52fab4eb10764bf,瘦身女王郑多燕,[false],1
5d6e7ee5b52fab2e94a80304,Koach-Vivi,"[false,true]",2
58f8a37f8c26a3632ac9ce78,王小宅Joye,[false],4
56e8b33ee10e55ed62b7ef69,大越越moon,[false],4
626667fe2fce7700013bb273,励娜Lina,[false],4
587bcc6c31f1160acb2feada,Holisticfit_Cece,[false],1
56e6617ec262fdf346ffd9d3,罗洪Ric,[false],1
623a9d9539df4500012050ba,敏捷的女人╮活得坚强些,[false],0
57ec80e331f1160ba7e19da8,Koach-Fiona,[false],4
59e88b827511ce4e24ee6d6f,Mr彦Alex,[false],2
55edf12db744bee9c6245488,佳宝_JIABAO,[false],4
565328ae46be44e04bd0845f,Leon家庭健身,[false],1
55bce79ce188b7ebac88506b,奥博朗AllblancTV,[false],1
5752daf68f3e26c41e987b8a,晓勒小乐笑了xjbl,[false],1
56d068cf7efda849070dcf52,猫有力39,[false],0
6258e298fe9ada0001aaee80,growwithjo,[false],1
5b685c967511ce3080e7e2f8,K-小咪,[false],4
623a9d3c57a9d60001df267d,简单的时光不染回忆不淡,[false],0
5d9deb1fa2d5fc1909a4de8c,我是上雅,[false],4
54fe6e5c944fd9ce2dafc97a,__Erik,[false],1
60a71da3ad076b6a2e2212ce,又见一莲幽梦,[false],1
5e900fa6d20f9c0d2abdbcec,Keep_气质芭蕾,[true],1
623a973b7f387400018255da,Keep_燃脂派对,[true],4
5821ab7a31f1164ac4d0e009,Koach潇潇,[false],2
5d8c43e8a2d5fc55edcae9a1,荔枝_LizZ,[false],4
5fdac82fd523e9130551dfbc,跟鹅练瑜伽,[false],1
5689b5f4b4f5dbfc6786b788,凯琳KatherineW,[false],4
621c475c4ab54e0001082620,只为守护你ペ,[false],4
586c427d4933033638dd0f87,SarahTan谭,[false],4
55c81fb4e75f32c6fe8e4848,Daner-雨佳,[false],4
5e90034d790b93014b20a31e,跑步机上的Keep君,"[false,true]",1
5c6212008c79421ca62c0f70,金达达要逆袭,[false],0
5b7b7e7888bfd2edf8110a23,Keep_会员,"[true,false]",2
5867b8de4933032f5ea637a2,小甜筒妈妈,[false],0
578903b0ba248528054cf588,扶我起来我还能跳呀,[false],1
56a7724f6025f2d8474656d7,Koach新宇,"[false,true]",2
603c9871f16ec76047648068,小马哥Marshall,[false],1
623a9d698b9958000140567a,内向的只是、追念,[false],0
5944f72215e66e0cbfb1fedf,哩哩Lilyy,[false],1
623a9d71d611d60001c0ebe7,开朗的心若向阳，无畏悲伤,[false],4
623a9dcc84307c0001bf26c5,温柔的东北女汉子,[false],0
58312b3c493303326fa7577e,唐晓文Remeidios,[false],1
623a9d9657a9d60001df2b52,活泼的追着太阳跑…¤,[false],0
57825913fb56673c05f236a0,Rain小尼,[false],1
623a9d967f3874000182a1bf,慷慨的风雨兼程,[false],4
60ae04ddd9e7c43cc7f6f033,Keep 冠军教练,[true],1
5691c5566df4dce91da8caad,曼巴yelomamba,[false],4
5eec3b96b52fab500a26321c,Koach-Bingo,[false],0
56bebb8d3eeab6973dbc0645,小贱水,[false],1
5663edb59b4a177e576e6dad,Koach亚如,[false],0
610d11e72bc2362c15004220,Golfy_Dancefitness,[false],2
562a5832d2a07e2dbf8e4aaf,Koach王鹏,[false],4
583444cd31f1162c3dbeb957,爱瑜伽的HR,[false],4
61190902a78eee3c6b564967,龙王77,[false],0
559a51f46ca1b84f94c7f812,老韩霸气,[false],1
577ed4a27cb5802844e5688e,哈啤酒吃蛤蜊,[false],1
5eda0862b52fab3e4d25ba42,莱美LesMills,[false],1
5baa1c5f7511ce7169c6528b,Ghoshi巩浩,[false],1
623a9db4eb4bb10001af5c2e,侠义的沉世,[false],4
6232d1f5bacb640001394d0b,A-SOUL_Official,[true],1
5e90029bb52fab25b71c434f,踩单车的Keep君,[true],1
58e7e0c331f116051a4d651e,江小南ofelia,[false],4
623a9db4ca0ace00010fed06,深情的睿智的溺爱,[false],0
5586a4093568e007bf0e9b46,就叫我小A,[false],4
623a9d687f38740001829f2e,侠义的不再犯错,[false],0
5c7e6e677511ce27d58b6049,koach蓝乔,[false],2
57495414a4070fc62671ffff,海洋饼干Sophie,[false],1
606c16652bc2366bfd1172e5,Sanne_Vloet,[false],1
623a9db4258c930001e96588,才华横溢的学渣总比人渣好,[false],4
623a9db51e3e850001b3788d,风趣幽默的趁早,[false],4
578e091f14a5c1d00689ccb3,健身教练小金刚,[false],4
5d665462b52fab2e94a3855d,Max跳绳健身,[false],4
563260aa64cec9b966a16ba5,Koach卢磊,"[false,true]",2
623a9dcbeb4bb10001af5d72,倔强的落梅香带雪,[false],0
5c0750c27511ce4e03680c4f,Koach阿泽,[false],2
58fdfe1c387e281bd15fc40a,昕叫瘦,[false],4
5f3ca08d650b9c01c77ea216,成33Jane,[false],1
57974dbdd7f73e3c0599a276,自由之凨,[false],1
5828a919493303326f58671c,朱晓梦Meng,[false],4
56c3cfba3650096574ea13c7,Clown洛先生,[false],4
55f031c9119a30efbc49cb4a,BeckG,[false],0
5592ae4d159f9646a66f7fd7,樂樂_LaUReN,[false],1
623a9da2ca0ace00010febf6,百折不挠的碎梦3,[false],0
5752fbcd6077642105d47b52,sniper派先生,[false],1
623a9da284307c0001bf242d,睿智的青春逃不过一场爱情,[false],0
623a9d3bd611d60001c0e85b,简单的真心换来无情゛,[false],0
623a9da17a2da10001b464a4,倔强的奇葩苑里的一枝花！,[false],0
574afe665a0d972805a28bdf,Chili徐辣儿,[false],1
56ac40f873c3121234a9b810,只有86斤的孙静,[false],0
5fcf4f9bd9e7c429d62d4904,马可Kramer-TML,[false],4
5daf7fb5790b935c8898c6d8,爱跑步Chris,[false],4
5e3a37dfd20f9c3df2c1f389,全是瑜Allyoga,[false],1
592a5e2e8c26a34c253ecd0f,王诗意Fit舞蹈,[false],1
57bdcfcbabfc017810ece40e,布鲁斯FreeSoul,[false],0
593651d5493303784ee1b882,YEAH老师,[false],4
55bcca95aa34ceb6b1ae64d1,bell姐姐今天跳舞了吗,[false],1
5ceecbc7c73d801d817a1ba8,二宝威廉妈妈,[false],1
5805c96f31f116684ff2afe9,颜婕,[false],0
5548e75378153de9315a95ad,郑凌-Yoga,[false],4
5d6cba03c73d801f341755c0,Koach-Suki,"[false,true]",4
55dd059817f6f4c914340101,毛远祥,[false],1
623a9d6957a9d60001df28c7,别具慧眼的看清人心,[false],0
5e5f6929790b932519d4d56c,JamieSayi,[false],1
5808a5e931f1162b4cdd6095,泥老师啊,[false],4
623a9d712bfd5a0001901512,开朗的留胡渣的硬汉,[false],0
5701ec2daae36e4f7105442c,偶不偶买噶,[false],4
61093581d9e7c447ef27d46c,不抽烟喝酒的刘世柏,[false],4
5bf537af1cf3d11977f75df4,小_幸Yogi,[false],1
61024edd2bc23605c1a8b55c,KellyGale超模健身,[false],1
5b85e7d0fe6e4329eb4e42a6,雷文文小姐,[false],4
5be97e6e7511ce4c89bb3cad,MidoriLau,[false],4
623a9d69eaf6fb00010ec8ba,大方的愈合了心情ヽ,[false],0
623a9d3aeb4bb10001af5599,侠义的删除、过去,[false],0
5708cc1167f548f77999c0be,大萌mon,[false],0
56e7e27db2a18722055aafcb,碧小仙er,[false],1
584429934933031d9fe7c3ef,Koach楠神,"[false,true]",2
59cb95efe666864e3ee286e7,露娜丽塔,[false],4
623a9da839df4500012051ef,浪漫的心梗,[false],0
59f6dc727511ce076ee16448,Koach罗罗,[false],4
5b39e56a1cf3d10cd2f51010,Elaine丰儿,[false],4
5b03ae30fe6e4319cd39c841,诗小凡呢,[false],0
62540217cbdc47000109c161,Koach_Leo,[true],4
5be55a11fe6e4374d3165863,Koach-RacheL,[false],4
623a9dcd1e3e850001b37a00,专注的烟徒,[false],0
551bbd16ed487d8f2b617f3d,Jessie被注册了,[false],1
551b5d8eed487d8f2b616e7b,___长腿姑娘,[false],4
596a95b32881d744d4fcc76e,伊忘公里,[false],4
623a9da68b995800014059e6,睿智的乱弹琵琶,[false],0
58b1a9c931f11659b69dfc5a,Koach小陈,[false],2
5577fd4384b61bff533c3133,进击的顺利,[false],4
5f30e6b6d9e7c450644afa6d,Keep直播课,"[true,false]",4
57678af8b3f5ae312530bd4f,玲玲范儿,[false],4
5b346e4b1cf3d10cd2ee631b,Koach龙超,[false],2
623a9d6759b00e00011b11af,勇敢的笑忘,[false],0
623a9dcc258c930001e966f3,仁慈的眼泪笑了,[false],4
5edf35bcb52fab283f1426df,叶的冒险,[false],1
611cb310a78eee557f64f96a,Yee起Keep,[true],4
5bb56a517511ce7169cd1690,阿免就是我-妍瑄,[false],1
58648c874933032f5e8c43c8,Koach大羽,[false],2
623a9dcde261b900018e5b5a,简单的小狐狸,[false],0
60bde5eba78eee1e25cdd105,睿心Wiseheart,[false],1
5bd92292e666860c69515c78,ken徐浩,[false],1
623a9da77a2da10001b464f8,积极进取的依旧囍欢,[false],0
623a9d9bca0ace00010feb87,直率的心病i,[false],0
623a9da2258c930001e9647b,足智多谋的坚强太久,[false],0
5989e4bb094afb09d8c65bf4,丫丫_Lily1,[false],1
5f278085d523e965da498c5f,Rosie的瑜伽乐园,[false],4
5c8a7706e6668674992a9a5f,Koach-Nicole,[false],4
623a9d68e261b900018e553c,敏捷的那是完全的覺悟丶,[false],0
59119d064933037bb19dccbe,Nikki倪,[false],4
56153224838a80b116104368,TyphoonChan,[false],4
623a9d7139df450001204e8b,简单的學會、放手,[false],0
58fb662d31f1162861e63d9c,源气Yoga,[false],2
55bbc736b641e96a0183327d,V-郭小浪,[false],1
5ff6b65290e13b48b47bc1c7,ChloeTing_,[false],1
623a9d728b99580001405709,勤奋的-醒醒吧别傻了,[false],0
5a8c29a27511ce21f8606ac3,暴躁熊教练,[false],4
60dbd64cedd76c63f7a91ea6,不正经运动研究所,[true],4
55d00fd69040f8f3d8d14b7a,瘦不了猫,[false],1
5fa654719521744ec3af39ce,是胡静没错啊,[false],0
5b6dfa44fe6e4336884085b2,waacker_AC,[false],1
57e01dc631f1162b0265c18e,Nikko大宁,[false],1
5688666256e471f0678ab5a3,馨怡olivia,[false],0
5d27097d790b93640d645649,Koach-Young,[false],2
623a9d9c59b00e00011b146b,内向的湿润了眼眶,[false],0
623a9d727f38740001829fc8,勇敢的迷途知返ゝ,[false],0
623a9d968b99580001405903,开朗的大胆的往前走,[false],0
557246fbc0eab78198a0f136,马克Mark_workout,[false],4
623a9db44b919400017071d0,足智多谋的青矜,[false],0
56d82ead3bbf5fe51b8e5f96,龙爱任,[false],4
5eb61ae3b02f9a4b3170ab3e,Gummy桃姨,[false],0
623a9da7eaf6fb00010ecc08,成熟稳重的你还是没感动,[false],0
623a9d3a1e3e850001b371d7,会功夫的勤奋的沧海桑田,[false],0
5aabe77c7511ce56135380ea,音音INNA,[false],0
55f94e62f4421d4a6ea3c3c5,爱健身的帅帅妈,[false],4
57e4b37a31f1162b028b3f6e,饷钱Eva,[false],1
59ca24eee666863660573953,卢昆Kyle,"[false,true]",4
55b1f138390dc604c8baefaf,浩子不胖,[false],1
5872628f8c26a37255545e27,一余鱼yoga,[false],4
623a9d70ca0ace00010fe983,才华横溢的笑着放了自己,[false],0
623a9dccca0ace00010fee77,专注的侧耳倾听,[false],0
623a9da6e261b900018e58c5,仁慈的几度春秋,[false],0
621c475ccae44600010bd1ef,斯文的别再吹冷风,[false],4
5567d251c336449b10e7063b,范李猿,[false],4
566e9ca94885a51f01b29a7c,FelineWang,[false],1
57a464e9e04d473805c1916d,帅soserious,[false],1
57220eef10f8732305c7c529,Koach小景,[false],4
6139b836d9e7c460bd1e9ec6,MadFit健身,[false],4
570723b2745f43695229e15d,Moccee,[false],0
58041cb04933036dfee2cc5f,飞天阿花花,[false],4
5cb3f24e790b9303aa9bc596,Koach-Rio,[false],2
58e623c6f84e8805b91f6994,茉莉绿茶加寒天,[false],4
623a9d95d611d60001c0edab,百折不挠的用奋斗去征服,[false],4
623a9d3a59b00e00011b0f6c,睿智的不甘人后！,[false],0
5a4c842f1cf3d118e4268ca5,简单的Ann-Z,[false],0
623a9d6a4b91940001706d63,风趣幽默的卟可能丶是G◆丶,[false],0
56189bd9d813df95c1d8df0d,Cherika鹅,[false],4
5d256a7cd20f9c752ba2e77d,SoniaHoi索妮娅,[false],4
623a9d3b39df450001204b7b,慷慨的幼稚不见了i,[false],4
56c89a29a2a739023cb6b3d8,桃子-CSCS,"[false,true]",1
55c95a17ca9938a815f24a14,夏川_chuan,[false],4
565479fbcbb94b49f6289b89,迟雅美,[false],4
5558ab04eceba355da8e6097,认识阿牛,[false],1
5fd730ba90e13b48b48e3fd9,陈玉轩Noah,"[false,true]",4
5d4eb445790b9306e8e4a47b,白敬亭,[true],4
5900c40f49330323c30147ab,陈海诺Leo,[false],4
58294fdc493303326f5aa08e,张鹏__Roc,[false],1
5ff2080b2bc2365c12924fa5,德国姐姐韦玫霖,[false],0
623a9d3be261b900018e52bc,仁慈的懂事了,[false],4
56c2a0339459146c576e80a6,桑禹涵sky,[false],4
54f70407afbbd78b1d0ff265,安妮小妞ANNIE,[false],4
5a804e9a7511ce21f85a0362,张槑槑mei,[false],4
623a9da74b919400017070fe,随和的顾北,[false],0
5f44cb149521744454d72ea6,下个月誓死瘦5斤,[false],0
5680eaad27d7b1a27519b767,的欢-gladys,[false],1
57b9d3371a2d766e7f35a425,Koach小颠儿,[false],0
5958751815e66e0d61df5425,达微1,[false],1
57581d9810e3a42105144722,Oh是Connie呀,[false],0
623a9d9459b00e00011b13fe,随和的一种安定缓慢的成长,[false],4
623a9d67d611d60001c0eb4a,随和的小成熟i,[false],0
623a9d9e57a9d60001df2bb6,专注的、梦屿千寻,[false],0
58fc284e8c26a3632ae95a23,降龙健身,[false],4
55e64fa0634869770922af80,A鱼鱼,[false],4
5820461f31f1164ac4c65976,BlessLeroy,[false],4
5e3b9904b02f9a09fd3320f8,陈暖央Lunasea,[false],4
623a9d3c7f38740001829cc8,乐观的历日旷久,[false],0
623a9d72e261b900018e55c7,足智多谋的好好爱自已,[false],4
5590d1e1159f9646a66f4610,Cokey斯琦,[false],1
5942d17515e66e0cbfaf0957,Koach璐溪,[false],0
623a9da14b9194000170709e,专注的共赏白头,[false],0
589fe0cc49330375453045d1,埃克斯歪爱拿铁,[false],1
58b6bfdc4933033ef71bc83f,山姆爱健身,[false],1
623a9da359b00e00011b14bc,勤奋的半城烟砂,[false],0
623a9dae39df450001205243,勇敢的三五鸿雁,[false],0
623a9d3c8b995800014053f3,侠义的乄゛遗忘丶过去的痛,[false],0
623a9ee484307c0001bf3613,仁慈的你又与谁,[false],1
623a9dafeaf6fb00010ecc80,仁慈的婉若清风,[false],0
623a9d941e3e850001b376d0,浪漫的星光下的寂寞,[false],0
58b4ff9d387e2813c8fa5f2f,大纯仔,[false],1
623a9d70e261b900018e55a5,热情的理智去爱,[false],0
5e58cd08790b9325199748d2,妮娜教你健身,[false],4
56ac08f27ef71eee33dc75b9,GiaDu,[false],1
623a9d9d2bfd5a0001901755,成熟稳重的古城白衣少年殇i,[false],1
61024e18a78eee7ef4dd414f,Adriene的每日瑜伽,[false],0
572dcb8d7e217a2f0586791d,健身的胜楠sonia,[false],4
5bf374011cf3d1602788f473,大跳的猫咪,[false],4
58109d5e31f1160852bc9c59,Vicky-琪琪琪,[false],4
566d2a2378851afaacf5025f,拿铁女孩Fiona,[false],1
552e49103d5f5a753c1f3c85,建建爱生活,[false],4
58d86e6731f1160263245479,王小花Hana,[false],4
5794e9d148c5182005c461e9,叔贵k你这在干嘛,[false],4
5c2f114b7511ce6c16a19f90,特步,[true],1
568e78bf1c7054731836f7b5,Koach洛洛,[false],4
623a9da1eaf6fb00010ecbb8,倔强的只想自私的拥有你i,[false],0
57d94340493303343eb10d3e,街健小文,[false],1
55c995dee980e0e902c30abc,黄钲轩没肌肉,[false],4
58e31a6e31f116662a70bc07,黄小畔Mico,[false],0
58d12a4949330374ff6fd957,Yvettia,[false],0
593cced489f2d118186ca232,missb是徐稚佑,[false],4
59c3eb96e666863660513e01,郭玖林,"[false,true]",4
55dad4a8bbf006c67e405d12,YogawithJava,[false],4
58c9f88931f1164d546a137d,汤君Tang,[false],4
55577f9131f57af6f6a49e20,德武安DUAN,[false],4
60614f03f16ec72369ede917,Manduka,[false],0
5b56fb2afe6e4313a1fed0e8,何佳粤,[false],1
623a9da657a9d60001df2c48,睿智的红颜独憔悴,[false],0
623a9d9d39df450001205122,睿智的醉墨漓烟,[false],0
623a9da2eb4bb10001af5b1c,直率的浅尝辄止,[false],0
62541b004489ad000129181b,陈金羽毛球,[false],1
5d6f0249d20f9c164f66fb19,frank腹肌碎大石,[false],4
623a9d7084307c0001bf2158,热情的我会狠坚强,[false],0
56295ecc9a992a4cceb6987b,冰八块,[false],0
5dc369a755bcc40d63af2567,韩旭谈康复,[false],0
56fcfc032aabdc1b0594761f,KK-健身派,[false],4
57ed5cd431f1160ba7ed7073,Koach王子,[false],0
5adefeec7511ce253ede4e31,PUMA彪马,"[true,false]",4
5e679099b52fab2b6a5d4ef8,Miao大小姐爱生活,[false],1
5aba5cb1e666865d1407719c,Koach颜颜,[false],0
5d1efdce6b76fe05e3e393c2,Koach-Moose,[false],4
569fc3565bb9301848c274c0,私人健身王,[false],4
624d01de8087bb0001c5a9ca,要练出腹肌的杰尼龟,[false],4
623a9d7059b00e00011b1244,穿夹克的热情的善解人意,[false],0
554ae6a171959d28713a2983,米老虎bb,[false],0
59704756094afb4b4ff61bd2,思思_Crystal,[false],0
5718a9d418cbdb310517d77e,苏子一Sofia,[false],4
5653316070d69f37cb1f654f,我是真子真子,[false],1
623a9ee4ca0ace00010ffd80,温柔的北眼。,[false],4
5c6e579c7511ce60880aa824,轻瑜伽,[false],1
5ab9d1aae666865d1405fc0b,Yoyo和依侬,[false],4
55daac9b57c2bbba7e1c0c5d,迷途小猫仔,[false],1
5fbca1004cd88c15598b9c20,跟尚体育-强哥,[false],0
5b16a6947511ce087189c5ae,Sara枭枭枭,[false],0
574993968c36d2c47e4862a6,企鹅丹丹小姐,[false],1
5784fe441f305d1206710049,街健小Q,[false],0
603733f5d523e91a761ab315,Yummy鸭_,[false],0
57b1cb5d744ad12205701a9f,减肥吧小木,[false],4
5afba4011cf3d103efc8dda3,lululemon,[false],4
5b456f8e7511ce7962940d62,李科璇璇,[false],4
5e902f3a790b93014b331d06,KeepBarre,[true],1
5e37fd966fbc5609c3ff63bc,健身教练刘远,[false],1
5cfe4b49d20f9c5451d0ede4,愉快的有内涵的妮妮,[false],4
623a9d672bfd5a000190147d,倔强的等得我没话说了,[false],0
5644b3b8c0b8bea92690f9ec,运动养生践行者,[false],4
623a9d9cd611d60001c0ee11,简单的要有女王心。,[false],0
623a9da8ca0ace00010fec55,慷慨的▄︻┻┳═一,[false],0
623a9da3d611d60001c0ee74,风趣幽默的ヮ几近冰封的温存,[false],0
5993ea67094afb09d8dd4ad4,徽徽502,[false],4
54faed7555a9ab5f20a1a094,雨菲努力ing,[false],4
575fa3245ca9bac20a7c48bc,孟阿生,[false],4
623a9daee261b900018e599a,慷慨的帖花黄,[false],0
54d86ec7aae446600a4fd0e6,跑步的子章老师,[false],1
5aaa4659e6668648f330079f,美猫的生活,[false],4
58a41b6f31f116689dd29def,260斤的超级大胖子,[false],1
55f966447db07e2f66d912bc,Anny吉阿,[false],4
623a9da32bfd5a00019017c1,热情的蛋蛋de忧伤,[false],0
614abf3a2bc23633b549ab9b,许赛文,[false],0
5cb28b5ad20f9c210bbc7d87,麦可MKO,[false],4
56bcb49ebc171b3b6144c92e,仙儿Yoga,[false],4
5d42947ed20f9c56b29ea709,卡罗尔的歌,[false],4
60964fe5d523e909eb9cc45f,Physique57,[false],0
5d7acb2e790b936b3b2d0aac,龙希龙希,[false],4
623a9dad59b00e00011b156a,浪漫的小木偶,[false],0
623a9daf8b99580001405a69,浪漫的神经病一号,[false],0
5a6aa97ee666867ed146adbb,做7分钟的英雄,[false],1
559a8db13defbf9e952e80e6,Susandu,[false],1
593c8a4e493303784e224598,梁颖Yilia,[false],4
5eec8f3ed20f9c65ea59fd49,巨胃莎JWS,[false],4
623a9ec5e261b900018e6867,激动的内向的花开半夏凉城空,[false],4
5a54479e9ee4e51ad84d6d5e,Keep_私家课,[false],4
5985dcf12881d70b811143d9,stephen269,[false],1
59c93d8ae666863660569d9c,悟空bask,[false],4
5587eece5f9cd99ebcd823a4,情侣健身的日常,[false],4
623a9d9d8b9958000140596f,倔强的，被遗忘在街角,[false],0
56c4edd67c543f751043014e,马婉君Pony,[false],4
58304085493303326f9d429e,Amber梨梨橙KTS,[false],4
56b06cafbb9c3234117ec76a,beryl贝贝,[false],1
61d5504d03ab300001468ca9,誉硕教育,[false],0
587f8e26387e28374d4a707d,RaindyYyd,[false],0
55857ee1c2f479e465e2649a,Koach淼淼,[false],1
623a9d9b258c930001e963ef,倔强的世界之大,[false],0
5708f8c91710eddc7694df7a,Angelinaw黑天使,[false],0
55ba4a0c967023870f9792c0,于冰Amanda,[false],0
5e3ce473d20f9c3df278b6d0,一诺三哥,[false],0
56bc8bcba3d660485741a60c,雕塑者John,[false],4
623a9db5d611d60001c0ef61,成熟稳重的梦碎人亦醒,[false],0
623a9dae7f3874000182a32c,侠义的柠栀,[false],0
623a9d9c1e3e850001b37743,风趣幽默的深似海,[false],0
605afeb42bc23674fcbf206f,好课种草君,[false],0
56e971a28e46b61b05b46998,青亭carina,[false],4
576b4d23169ed6fc08943307,Judy果蝈,[false],0
6230814f00766a00018e9f7f,侠义的瑾夏年华,[false],0
56d77a83d69b2ba91b389402,是谱蓝耶,[false],0
5890b78d8c26a329539ccf8f,卡路里老师,[false],4
623a9d9d7f3874000182a228,直率的听说标题会诱惑人i,[false],0
5664083ead934410d1e854aa,可欣孕产理疗瑜伽,[false],0
5c6e4a27e666862b15325a9a,今哥YO健身,[false],4
54c2794271199612375c0486,灵魂健身杨老师,[false],1
57c5a80631f11605c5ee406c,Koach郑伟,[false],0
56721aa01cf861e88704922f,Jenny芭蕾,[false],0
56cd3ac339639ca30385e11c,海上段段,[false],4
584ea52a387e28075f51e0a7,早起的虫儿啥都吃,[false],1
55914e180fda796808bc7bae,MsGary林嘉仪,[false],4
578b7bdfd3d8ac36058da725,莺心而悦,[false],1
5716757474a209e959a40629,王立鑫Tony,[false],4
623a9d952bfd5a00019016f2,倔强的多活一点给自己看,[false],4
623a9dcb4b91940001707300,勤奋的我的高傲尔等岂懂,[false],0
623a9d95e261b900018e57e2,慷慨的疯子的梦想,[false],0
5e7b05fdd20f9c61e9018603,每日瑜伽DailyYoga,[false],1
62615c5f0532440001998bc4,徐伯鲁,[false],4
55f01efa44f6fa9cbd981764,我就是那个Yang,[false],4
591d20ae387e281d311c293c,练食记,[false],4
5c42984a462f1b7d6c8d89dd,爱瑜伽的Tina-Yoga,[false],4
5747996f41052fe155b97783,万小歪Nikkie,[false],0
623a9dadd611d60001c0ef01,风趣幽默的微风吹眉颜,[false],0
6230814e4012930001d6f76b,随和的奢望,[false],0
623a9daf57a9d60001df2ce1,慷慨的余生不走感情路,[false],0
55626b751ba0f4343456a03b,刘小平Allen,[false],0
5ea53aa3d20f9c20ef62f87e,轻奢小课,[false],1
5e900f786fbc5661efdeb449,Keep节奏燃脂,[true],4
56f40fb9aa3f5d2a055f6e57,Quarter爱健身,[false],0
56735d7bc69ddd53b8a1b43f,粗线条大女人,[false],4
621c47938c579b0001ac2ca0,喝咖啡的成熟稳重的小瓶盖,[false],0
5d38fdb0c73d803f726db480,Koach-Aurora,[false],0
59380a9a89f2d118183da0ed,lanmeng79,[false],4
5ae7f26e7511ce253ee8d585,欢小象,[false],0
57b988c5493303213edd22b7,FN撸铁小学生和左一,[false],4
601a8aab650b9c2bd6b43a3a,六六爱健身吖,[false],0
573c0be149eb01d505563446,Deeena,[false],4
623a9dcb7a2da10001b466d5,大方的風涼女子,[false],0
5b4e0e281cf3d16f2802f807,迟恺Chikai,[false],4
623a9ee559b00e00011b261a,爱运动爱撸铁,[false],0
623a9db04b9194000170718c,睿智的不喜欢何必死缠烂打,[false],0
623a9db67a2da10001b46596,风趣幽默的相思入骨,[false],0
5b44d0aae666866a53805d89,笔立Fit,[false],4
56c9bce21ffa1e263cf643d3,努力练翘臀的爱丽儿,[false],4
623a9ed7ca0ace00010ffce8,勤奋的浪世,[false],0
569cf835b55798a02f80c31a,王小懒爱吃肉,[false],4
5e5c90d2d20f9c4dddf47a3c,Koach-Freda帆帆,[false],0
573053fa8e32601f4b42d878,人生就是乌鸦与喜鹊的二重唱,[false],0
61a6c430e560e80001803306,中国健美协会,[false],4
5a7dae26e66686127446a3b7,ZeraJia,[false],1
5b06e8d2fe6e4319cd3dcea8,Koach秦兰Queen,[false],4
56815662672b8b753fcdddd1,健身甜心朵丽丝,[false],1
5e7c6194b02f9a09f3d3c373,杨淼淼Yami,[false],0
623a9ed1258c930001e97586,百折不挠的孤久则惯,[false],4
5722e3adcb178a6202b6f061,Sara苏笑,[false],0
5fdad98290e13b48b40260b0,观心实验室,[false],1
58a98c804933034fdd5c82bf,夏石花开i,[false],4
623a9dae2bfd5a0001901855,乐观的七颜,[false],0
623a9ed8d611d60001c0ff24,睿智的文质彬彬的相见不如怀念,[false],0
623a9ee37a2da10001b47605,成熟稳重的大叔呀,[false],0
56e443a81211b51505a11acd,Anson董祺,[false],4
5583edf90a562b43c047776a,imserein柚子呦呦,[false],4
5a015aeb1cf3d178fd14be02,linda重新来,[false],0
5502ae47ab2c7c5b30ede09e,麻豆楠姐,[false],0
57792244052b084805662a55,诗诗的跑步日记,[false],1
5c84a7357511ce17b2bb9134,运动员黄子文,[false],0
56cc8614e7d0d02005c6f556,Sherry002呀,[false],4
57c01b2364d328a8526344ec,俊那个逸,[false],0
5ada78147511ce594a2a5c21,边赛远,[false],4
5f02c9fa2bc2367f97f986f9,小李茜POP,[false],4
579c1af24be7a57706be3162,Koach-Coco,[false],4
623a9ed8e261b900018e6958,风趣幽默的旧街凉风,[false],0
57b2ee7e48cdf09e07b58813,Koach冰糖汪,[false],4
623a9ee4eb4bb10001af6ca5,可爱的蛋酥软妹,[false],0
5795c5db27d7893b052baebe,鉴霖-Lee,[false],4
623a9db6e261b900018e5a19,内向的月盈则亏,[false],0
5ab48ee61cf3d1657266fa37,_Janekim_,[false],4
623a9db559b00e00011b15e4,直率的花溪信马,[false],0
5d3156f9b52fab0ccee12d56,Jenniing,[false],4
59a026e4094afb50e5cd0af8,亚小男呀_,[false],4
5a35b82e7511ce733457eda6,瑜伽小仙女呀,[false],4
593a95ff31f116222fb06fac,佳音女,[false],1
5b7188bfe666867f4a94c2d9,阿七教你瘦,[false],1
56e03784346d5a1205c09712,老兵69,[false],4
560a88d664d2c2d8f71f0cd6,Lynn仔在这儿,[false],4
565f0f15e104bb3f053c82e6,何尧Feynman,[false],0
623a9da67f3874000182a2b0,侠义的♚如初i,[false],1
5ebc9892b52fab3e4d17734e,芭蕾王子Julian,[false],4
5e86b4dd790b9317667e257f,十点课堂,[false],1
57d197cd4933031ef452a8be,孕产小9,[false],4
5f97fdc7d9e7c4253a468557,James赵健康,[false],0
5537e7593eeaae0a095b1be7,PEIYUE佩悦,[false],4
55d31d83792f888e81c37484,Lynnlinmm,[false],0
56c53488a4af7fe26bbb71c2,抹茶小朵,[false],1
5e5f8de5b02f9a19bd4faa55,随缘瑜伽小课堂,[false],0
56caf9c00513dd220531a651,Angelica杜杜,[false],0
5ac7924de666864ca1e2e299,ZIRUYIN-跟佩丝健身,[false],0
6195bd2514bfcd286c52f603,白山山_Shanshan,[false],0
6052a92ba78eee41a7263e88,Paris-叶子,[false],4
56df8c35e48fcbd4579bbc4d,五花大绑的五花肉,[false],1
624162d0c2fa8b000172c193,FILA_斐乐,[false],0
5e09f45cd20f9c6f30d407b7,关注小天同学,[false],4
5b87bc657511ce13dba5eaf7,壹心理学堂,[false],1
560dc3b0b6dd35f772ef28dc,金紫亦,[false],1
56cd0d400b63c2d81ba64436,覃迷瞪,[true],1
5538ddeb4e26423463bde7bd,暴走小姐,[false],1
5af2b30c7511ce46adaf5012,JenniferMore,[false],4
5bbd2930e666862f7dc39c7e,SBODY运动研究室,[false],1
5a6b52a11cf3d11ede9baf1b,Ibuki_Imata,[false],4
